<?xml version="1.0" encoding="UTF-8"?>
<project-private xmlns="http://www.netbeans.org/ns/project-private/1">
    <editor-bookmarks xmlns="http://www.netbeans.org/ns/editor-bookmarks/2" lastBookmarkId="0"/>
    <open-files xmlns="http://www.netbeans.org/ns/projectui-open-files/2">
        <group>
            <file>file:/E:/Irsyad%20PERKULIAHAN/CODING/Java%20PBO/OOP_Tugas%202/src/oop_tugas/pkg2/Rectangle.java</file>
            <file>file:/E:/Irsyad%20PERKULIAHAN/CODING/Java%20PBO/OOP_Tugas%202/src/oop_tugas/pkg2/Square.java</file>
            <file>file:/E:/Irsyad%20PERKULIAHAN/CODING/Java%20PBO/OOP_Tugas%202/src/oop_tugas/pkg2/Ellipse.java</file>
            <file>file:/E:/Irsyad%20PERKULIAHAN/CODING/Java%20PBO/OOP_Tugas%202/src/oop_tugas/pkg2/Circle.java</file>
            <file>file:/E:/Irsyad%20PERKULIAHAN/CODING/Java%20PBO/OOP_Tugas%202/src/oop_tugas/pkg2/OOP_Tugas2.java</file>
        </group>
    </open-files>
</project-private>
